<?xml version="1.0" encoding="UTF-8"?>
<project-private xmlns="http://www.netbeans.org/ns/project-private/1">
    <editor-bookmarks xmlns="http://www.netbeans.org/ns/editor-bookmarks/2" lastBookmarkId="0"/>
    <open-files xmlns="http://www.netbeans.org/ns/projectui-open-files/2">
        <group name="SOCWorkspace">
            <file>file:/Users/gracesubianto/Desktop/NetBeansProjects/SOCWorkspace/PDC2-Assignment2/src/pdcassignment2/GameFrame.java</file>
            <file>file:/Users/gracesubianto/Desktop/NetBeansProjects/SOCWorkspace/PDC2-Assignment2/src/pdcassignment2/Game.java</file>
            <file>file:/Users/gracesubianto/Desktop/NetBeansProjects/SOCWorkspace/PDC2-Assignment2/src/pdcassignment2/Banker.java</file>
            <file>file:/Users/gracesubianto/Desktop/NetBeansProjects/SOCWorkspace/PDC2-Assignment2/src/pdcassignment2/Briefcase.java</file>
            <file>file:/Users/gracesubianto/Desktop/NetBeansProjects/SOCWorkspace/PDC2-Assignment2/src/pdcassignment2/Console.java</file>
        </group>
    </open-files>
</project-private>
